Question,Model Answer,Student Answer,OpenAI Score (justification),OpenAI Score
What is the greenhouse effect and how does it contribute to global warming?,"The greenhouse effect is the natural process of gases in Earth's atmosphere trapping heat, maintaining the planet's temperature. Human activities like burning fossil fuels have increased these gases, enhancing the effect and causing global warming.","The greenhouse effect is when Earth gets hotter due to gases in the air. Things like cars and factories cause more gases, which leads to global warming.",85.0,90.0
Describe the process of mitosis in cell division.,"Mitosis is a process of cell division, resulting in two identical cells from one parent cell. It involves stages - Prophase, Metaphase, Anaphase, Telophase, and then Cytokinesis, where the cell divides.","Mitosis is how a cell divides to make more cells. It has steps like Prophase, Metaphase, Anaphase, Telophase, and then the cell splits into two.",90.0,90.0
How did the Industrial Revolution impact society and economy in the 19th century?,"The Industrial Revolution shifted economy from agrarian to industry-based, causing urbanization and emergence of a working class. Economically, it led to growth and wealth generation, but also economic disparity and social issues.",The Industrial Revolution made people move to cities for factory jobs. It made some people very rich but also led to problems like child labor.,75.0,85.0
What are some key principles of the scientific method?,"The scientific method includes making observations, formulating a hypothesis, conducting experiments, analyzing data, and drawing conclusions. Results should be reproducible and subject to peer review.","The scientific method is about observing, guessing, doing experiments, checking data, and deciding if you're right. Other people should also be able to do the same experiment and get the same result.",85.0,90.0
How does photosynthesis work in plants?,Photosynthesis is the process where plants use sunlight to convert carbon dioxide and water into glucose and oxygen. This process is vital for the plant's growth and releasing oxygen into the atmosphere.,"Photosynthesis is how plants make food and oxygen. They use sunlight, air, and water to do it.",75.0,85.0
What were the causes and effects of the American Civil War?,"The American Civil War was caused by disputes over slavery and states' rights. Its effects included the abolition of slavery, significant loss of life, economic change, and laying the groundwork for modern America.","The American Civil War happened because of fights over slavery. It ended slavery, caused many deaths, changed the economy, and helped shape America.",90.0,95.0
How does gravity work?,"Gravity is the force that attracts two objects toward each other. The greater the mass of an object, the stronger its gravitational pull. This is why Earth, being much more massive than us, pulls us towards its center, keeping us grounded.","Gravity is like a force that pulls things together. It's why we don't float off the ground, because Earth's gravity is pulling us down.",80.0,85.0
What is the function of the heart in the human body?,"The heart's main function is to pump blood throughout the body, delivering oxygen and nutrients to the tissues and removing carbon dioxide and other wastes.",The heart is like a pump for the body. It sends blood all around to give oxygen and food to our body parts and take away the bad stuff.,90.0,90.0
"What was the Enlightenment, and how did it change society?","The Enlightenment was an intellectual and philosophical movement in 18th-century Europe. It promoted reason, science, and individual rights, influencing the development of democratic institutions and sparking societal and political changes.",The Enlightenment was when people in Europe started thinking more about science and reason. It made society more focused on individuals and led to changes in government.,85.0,90.0
What is natural selection and how does it contribute to evolution?,"Natural selection is a process where individuals with advantageous traits are more likely to survive and reproduce, passing these traits to the next generation. Over time, this can lead to significant changes in species, a process known as evolution.","Natural selection is when animals with better skills survive and have babies. Over a long time, this can change the whole species, which is called evolution.",85.0,90.0
What are renewable energy sources and why are they important?,"Renewable energy sources are those that can be replenished naturally in a short time, like solar, wind, and hydro energy. They are important because they are sustainable, reduce dependence on fossil fuels, and help mitigate climate change.","Renewable energy comes from things that don't run out, like sun, wind, and water. They're good because they won't finish, don't need fossil fuels, and don't harm the environment.",90.0,90.0
How did World War II impact the world politically and socially?,"World War II led to significant political changes, including the emergence of the United States and the Soviet Union as superpowers. Socially, it fostered movements for decolonization and civil rights, but also caused devastating loss of life and displacement.","After World War II, the USA and the Soviet Union became superpowers. It also made people fight for their rights and freedom, but many people died or lost their homes.",84.0,85.0
What are plate tectonics and how do they contribute to earthquakes and volcanic activity?,"Plate tectonics is the theory that Earth's crust is made of large pieces that move over time. Their movement can cause earthquakes when they grind against each other, or volcanic activity when one plate is forced under another and melts.","Plate tectonics is about Earth's crust being like puzzle pieces moving around. When they hit or slide past each other, it can cause earthquakes. Volcanoes can happen when one piece goes under another and melts.",90.0,95.0
What is artificial intelligence and how is it used in everyday life?,"Artificial intelligence (AI) is a field of computer science focused on creating systems that perform tasks that usually require human intelligence. In everyday life, AI is used in various ways, from voice assistants like Siri or Alexa to recommendation systems on streaming platforms.","Artificial intelligence is like when computers can do things like humans. We use it in our daily life like when we talk to Siri or Alexa, or when Netflix suggests a movie we might like.",85.0,95.0
How did the French Revolution impact France and Europe?,"The French Revolution marked the end of absolute monarchy in France and introduced democratic principles. It also sparked a wave of revolutions across Europe, leading to political and social change.",The French Revolution made France a democracy and ended the king's rule. It also led to other revolutions in Europe and changed society and government.,90.0,90.0
What is the theory of relativity and who proposed it?,"The theory of relativity, proposed by Albert Einstein, includes two parts: special relativity and general relativity. Special relativity states that the laws of physics are the same for all non-accelerating observers and that the speed of light is the same for all observers. General relativity is a theory of gravitation where gravity is not a force but a curvature in space-time caused by mass and energy.",Relativity is a big idea from Einstein. It says stuff about how light speed is always the same and gravity is like a bend in space. Or something like that.,55.0,60.0
What are human rights and why are they important?,"Human rights are the basic rights and freedoms to which all individuals are entitled, such as the right to life, liberty, free speech, and privacy. They are important because they ensure dignity, equality, and respect for all people, regardless of nationality, sex, ethnicity, religion, or other status.","Human rights are like, the rules that say everyone should be treated fairly and can do things like talk freely, live safely, and have privacy. They're important because they make sure everyone is respected.",80.0,90.0
What is quantum physics and how does it challenge our understanding of the physical world?,"Quantum physics, or quantum mechanics, is a branch of physics that deals with phenomena on a very small scale, such as molecules, atoms, and subatomic particles. It challenges our understanding of the physical world because it includes principles that seem counterintuitive, such as superposition (particles can be in multiple places at once) and entanglement (particles can be instantly connected regardless of distance).",Quantum physics is about really tiny stuff like atoms and even smaller things. It's weird and tricky because it says stuff can be in more than one place at the same time and particles can talk to each other instantly even if they're far away.,85.0,80.0
What is a black hole and how is it formed?,"A black hole is a region of space where gravity is so strong that nothing, not even light, can escape from it. They are formed when a large star collapses under its own gravity after depleting its nuclear fuel.","Black holes are like these big space things that suck everything in, even light can't escape. They happen when a star, like, explodes or something and then falls in on itself.",65.0,80.0
What is photosynthesis and why is it important to life on Earth?,"Photosynthesis is a process used by plants, algae, and some bacteria to convert light energy, usually from the Sun, into chemical energy in the form of glucose. It's crucial for life on Earth as it produces oxygen and serves as the base of the food chain.","Photosynthesis is what plants do to make food using sunlight. It's important because it makes oxygen, which we need to breathe, and it also feeds the plants, and then the animals eat the plants, and we eat the plants and animals.",90.0,85.0
What is the structure of an atom?,"An atom consists of a central nucleus, which contains protons and neutrons, surrounded by a cloud of electrons that move in orbital shells.","An atom is like a solar system, with the sun in the middle and planets going around it.",60.0,60.0
Why is the ozone layer important?,"The ozone layer absorbs most of the Sun's harmful ultraviolet (UV) radiation, which can cause skin cancer and cataracts in humans and harm ecosystems.",The ozone layer is important because it gives us air to breathe.,10.0,10.0
What is the difference between a democracy and a dictatorship?,"In a democracy, power is held by the people who elect leaders and have the right to participate in decision-making. In a dictatorship, power is concentrated in the hands of a single leader or a small group, and citizens have limited freedom and political participation.","Democracy and dictatorship are types of money systems. In democracy, money is divided equally, and in dictatorship, one person has all the money.",10.0,10.0
What causes the seasons to change?,Seasonal changes are caused by the tilt of Earth's axis as it orbits the Sun. This tilt means that different parts of Earth receive different amounts of sunlight at different times of the year.,"Seasons change because the distance between Earth and Sun changes. When Earth is close to the Sun, it's summer, and when it's far, it's winter.",15.0,20.0
What is the function of the kidneys in the human body?,"The kidneys filter the blood to remove waste products and excess substances, which are excreted as urine. They also help regulate blood pressure, electrolyte balance, and red blood cell production.",The kidneys are like storage units in the body where extra food and nutrients are stored for when we need them.,0.0,0.0
What are greenhouse gases and how do they affect the Earth's climate?,"Greenhouse gases, like carbon dioxide and methane, trap heat in Earth's atmosphere, creating a 'greenhouse effect.' This effect is essential for life by keeping the planet warm, but an excess of these gases can cause global warming and climate change.",Greenhouse gases are toxic gases that plants give off. They harm the Earth's climate by causing acid rain.,25.0,15.0
What is DNA and what role does it play in our bodies?,"DNA, or deoxyribonucleic acid, is the molecule that carries the genetic instructions for growth, development, functioning, and reproduction of all known living organisms. It determines our physical characteristics and influences our health.","DNA is like a battery that powers our bodies. Without DNA, we wouldn't have any energy.",20.0,20.0
What are the primary colors and how can they be used to make other colors?,"The primary colors are red, blue, and yellow. By mixing these primary colors, we can create secondary colors: red and blue make purple, blue and yellow make green, and red and yellow make orange.","The primary colors are red, white, and blue. They make all other colors, like red and white make pink, and blue and white make light blue.",20.0,20.0
What is photosynthesis?,"Photosynthesis is a process used by plants and other organisms to convert light energy, typically from the Sun, into chemical energy in the form of glucose, which fuels their activities.",Photosynthesis be like plants taking sun light and making it into food for themselves.,70.0,75.0
How does gravity work?,"Gravity is a force that attracts two objects towards each other. The more massive an object is, the stronger its gravitational pull. It's why we stay on the ground instead of floating off into space.","Gravity is like magnet, but for all things. Big stuff have more gravity. It why we don't fly off Earth.",75.0,80.0
What is the water cycle?,"The water cycle describes how water evaporates from the surface of the earth, rises into the atmosphere, cools and condenses into clouds, and falls back to the surface as precipitation.","Water cycle is when water go up into sky, turn into cloud, then fall back down as rain or snow.",70.0,70.0
What is democracy?,"Democracy is a system of government where citizens exercise power by voting. In a direct democracy, the citizens as a whole form a governing body. In a representative democracy, citizens vote for representatives to handle legislation and governing.","Democracy where people vote and decide things. Sometimes all people decide, sometime they pick other people for decide.",65.0,70.0
What is a food chain?,"A food chain is a linear sequence of organisms where each one is eaten by the next member in the sequence. It begins with producer organisms, like plants, and ends with apex predators, followed by decomposers.","Food chain is like line of eating. Plant get eaten by small animals, them get eaten by big animals, then big animals die and get eaten by tiny bugs and stuff.",70.0,75.0
What is the theory of plate tectonics?,"The theory of plate tectonics postulates that the Earth's crust is made up of large pieces, or plates, that move around due to convection currents in the underlying mantle. These movements cause earthquakes, volcanic activity, and the creation of mountain ranges.","Earth's surface isn't one solid piece. It's like a giant jigsaw puzzle with big chunks that move about. These chunks bumping into each other or pulling apart, that's what makes volcanoes, mountains, and shakes.",85.0,85.0
What is photosynthesis?,"Photosynthesis is a process used by plants and other organisms to convert light energy, typically from the Sun, into chemical energy in the form of glucose, which fuels their activities.","Plants have this cool trick where they take sunlight and whip it up into their food, sort of like cooking up a meal!",75.0,80.0
What is democracy?,"Democracy is a system of government where citizens exercise power by voting. In a direct democracy, the citizens as a whole form a governing body. In a representative democracy, citizens vote for representatives to handle legislation and governing.","Democracy is like having a say in how things are run. You get a vote to choose who makes the rules. Sometimes it's everyone deciding together, other times we pick some folks to do the decision making for us.",85.0,85.0
What is the water cycle?,"The water cycle describes how water evaporates from the surface of the earth, rises into the atmosphere, cools and condenses into clouds, and falls back to the surface as precipitation.","Water doesn't just stay still, it goes on a journey! It can turn into vapor and go up into the sky, then cools down and comes back down as rain or snow.",85.0,90.0
What is a food chain?,"A food chain is a linear sequence of organisms where each one is eaten by the next member in the sequence. It begins with producer organisms, like plants, and ends with apex predators, followed by decomposers.","Food chain? That's just the order of who eats who in nature. It starts with plants and ends with the big, scary predators. Once they're gone, the leftovers are handled by those cleanup bugs and organisms.",85.0,85.0
What is photosynthesis?,"Photosynthesis is a process used by plants and other organisms to convert light energy, typically from the Sun, into chemical energy in the form of glucose, which fuels their activities.",Photosynthesis is when plants make their food using sunlight.,75.0,85.0
What is the theory of evolution by natural selection?,"The theory of evolution by natural selection, proposed by Charles Darwin, suggests that traits that enhance survival and reproduction become more common over generations in a population, leading to changes over time and potentially new species.",Evolution by natural selection is about how animals change over time.,45.0,65.0
What is a constitutional monarchy?,A constitutional monarchy is a form of government in which a monarch acts as head of state within the parameters of a written or unwritten constitution. The monarch's roles are largely ceremonial with the real power lying with other political leaders.,A constitutional monarchy is when a country has a king or queen.,30.0,20.0
What is the principle of conservation of energy?,"The principle of conservation of energy states that energy can neither be created nor destroyed; instead, it can only be transferred or changed from one form to another.",Conservation of energy means that energy doesn't disappear.,60.0,70.0
What is the water cycle?,"The water cycle describes how water evaporates from the surface of the earth, rises into the atmosphere, cools and condenses into clouds, and falls back to the surface as precipitation.",The water cycle is about how water moves from the ground to the sky and back.,85.0,85.0
What is photosynthesis?,"Photosynthesis is a process used by plants and other organisms to convert light energy, typically from the Sun, into chemical energy in the form of glucose, which fuels their activities.",Photosynthesis is when plants sunbake and make their own food-energy stuff.,65.0,65.0
What is a constitutional monarchy?,A constitutional monarchy is a form of government in which a monarch acts as head of state within the parameters of a written or unwritten constitution. The monarch's roles are largely ceremonial with the real power lying with other political leaders.,"A constitutional monarchy is where the king or queen is just for show, and the real boss work is done by the leader dudes.",70.0,75.0
What is the principle of conservation of energy?,"The principle of conservation of energy states that energy can neither be created nor destroyed; instead, it can only be transferred or changed from one form to another.","Conservation of energy means energy can't poof into or out of existence, it just changes its disguise.",85.0,85.0
What is the theory of evolution by natural selection?,"The theory of evolution by natural selection, proposed by Charles Darwin, suggests that traits that enhance survival and reproduction become more common over generations in a population, leading to changes over time and potentially new species.","Evolution by natural selection is like the survival game where the best fit creatures pass on their winning traits to their babies, causing creature change over a long, long time.",80.0,85.0
What is the water cycle?,"The water cycle describes how water evaporates from the surface of the earth, rises into the atmosphere, cools and condenses into clouds, and falls back to the surface as precipitation.","The water cycle is how water goes on its vacation - evaporating and becoming sky water, then falling back as rain or snow.",75.0,80.0
What is photosynthesis?,"Photosynthesis is a process used by plants and other organisms to convert light energy, typically from the Sun, into chemical energy in the form of glucose, which fuels their activities.",Photosynthesis is how plants grow by absorbing water from the sun.,40.0,40.0
What is a constitutional monarchy?,A constitutional monarchy is a form of government in which a monarch acts as head of state within the parameters of a written or unwritten constitution. The monarch's roles are largely ceremonial with the real power lying with other political leaders.,A constitutional monarchy is a government where the king or queen makes the laws according to the constitution.,60.0,70.0
What is the principle of conservation of energy?,"The principle of conservation of energy states that energy can neither be created nor destroyed; instead, it can only be transferred or changed from one form to another.","Conservation of energy means that you always have to save energy, like turning off lights when you leave a room.",20.0,10.0
What is the theory of evolution by natural selection?,"The theory of evolution by natural selection, proposed by Charles Darwin, suggests that traits that enhance survival and reproduction become more common over generations in a population, leading to changes over time and potentially new species.",Evolution by natural selection means that the strongest animals always survive and the weak ones die.,60.0,60.0
What is the water cycle?,"The water cycle describes how water evaporates from the surface of the earth, rises into the atmosphere, cools and condenses into clouds, and falls back to the surface as precipitation.","The water cycle is when water goes down the drain, gets cleaned, and then we can drink it again.",25.0,20.0
What is photosynthesis?,"Photosynthesis is a process used by plants and other organisms to convert light energy, typically from the Sun, into chemical energy in the form of glucose, which fuels their activities.",Photosynthesis is when sunlight turns into glucose which then makes plants grow bigger.,80.0,85.0
What is a constitutional monarchy?,A constitutional monarchy is a form of government in which a monarch acts as head of state within the parameters of a written or unwritten constitution. The monarch's roles are largely ceremonial with the real power lying with other political leaders.,A constitutional monarchy is when the monarch writes the constitution and decides the laws of the state.,35.0,40.0
What is the principle of conservation of energy?,"The principle of conservation of energy states that energy can neither be created nor destroyed; instead, it can only be transferred or changed from one form to another.","Conservation of energy means that energy always stays the same, it never changes.",60.0,70.0
What is the theory of evolution by natural selection?,"The theory of evolution by natural selection, proposed by Charles Darwin, suggests that traits that enhance survival and reproduction become more common over generations in a population, leading to changes over time and potentially new species.",Evolution by natural selection is about how the smartest animals survive and the dumb ones die out.,40.0,50.0
What is the water cycle?,"The water cycle describes how water evaporates from the surface of the earth, rises into the atmosphere, cools and condenses into clouds, and falls back to the surface as precipitation.","The water cycle is when water turns into vapor, then it cools down in the fridge and we can drink it.",20.0,30.0
What is photosynthesis?,"Photosynthesis is a process used by plants and other organisms to convert light energy, typically from the Sun, into chemical energy in the form of glucose, which fuels their activities.",Photosynthesis is when plants eat sunlight and then they sweat out glucose.,65.0,65.0
What is a constitutional monarchy?,A constitutional monarchy is a form of government in which a monarch acts as head of state within the parameters of a written or unwritten constitution. The monarch's roles are largely ceremonial with the real power lying with other political leaders.,A constitutional monarchy is when the king or queen have to follow the constitution or else they lose their crown.,75.0,80.0
What is the principle of conservation of energy?,"The principle of conservation of energy states that energy can neither be created nor destroyed; instead, it can only be transferred or changed from one form to another.","Conservation of energy is when energy can't be destroyed or created, it just has to stay in a room.",75.0,60.0
What is the theory of evolution by natural selection?,"The theory of evolution by natural selection, proposed by Charles Darwin, suggests that traits that enhance survival and reproduction become more common over generations in a population, leading to changes over time and potentially new species.",Evolution by natural selection is when the biggest and toughest animals survive because they can fight off all the other animals.,45.0,60.0
What is the water cycle?,"The water cycle describes how water evaporates from the surface of the earth, rises into the atmosphere, cools and condenses into clouds, and falls back to the surface as precipitation.","The water cycle is when water from the ocean flies up to the sky, freezes into clouds, and then the clouds explode and the water comes back down.",75.0,70.0
What is photosynthesis?,"Photosynthesis is a process used by plants and other organisms to convert light energy, typically from the Sun, into chemical energy in the form of glucose, which fuels their activities.",Plants are really important because they give us oxygen so we can breathe.,20.0,20.0
What is a constitutional monarchy?,A constitutional monarchy is a form of government in which a monarch acts as head of state within the parameters of a written or unwritten constitution. The monarch's roles are largely ceremonial with the real power lying with other political leaders.,Monarchs are like butterflies and bees. They are very important for pollinating flowers.,0.0,0.0
What is photosynthesis?,"Photosynthesis is a process used by plants and other organisms to convert light energy, typically from the Sun, into chemical energy in the form of glucose, which fuels their activities.",Plants are really important because they give us oxygen so we can breathe.,20.0,30.0
What is a constitutional monarchy?,A constitutional monarchy is a form of government in which a monarch acts as head of state within the parameters of a written or unwritten constitution. The monarch's roles are largely ceremonial with the real power lying with other political leaders.,Monarchs are like butterflies and bees. They are very important for pollinating flowers.,1.0,0.0
What is photosynthesis?,"Photosynthesis is a process used by plants and other organisms to convert light energy, typically from the Sun, into chemical energy in the form of glucose, which fuels their activities.",Plants are really important because they give us oxygen so we can breathe.,30.0,10.0
What is a constitutional monarchy?,A constitutional monarchy is a form of government in which a monarch acts as head of state within the parameters of a written or unwritten constitution. The monarch's roles are largely ceremonial with the real power lying with other political leaders.,Monarchs are like butterflies and bees. They are very important for pollinating flowers.,0.0,0.0
What is the principle of conservation of energy?,"The principle of conservation of energy states that energy can neither be created nor destroyed; instead, it can only be transferred or changed from one form to another.","Energy drinks can help you stay awake, but they're not good for you.",0.0,0.0
What is the theory of evolution by natural selection?,"The theory of evolution by natural selection, proposed by Charles Darwin, suggests that traits that enhance survival and reproduction become more common over generations in a population, leading to changes over time and potentially new species.",Darwin is a city in Australia. It's named after Charles Darwin who visited there on the HMS Beagle.,0.0,0.0
What is the water cycle?,"The water cycle describes how water evaporates from the surface of the earth, rises into the atmosphere, cools and condenses into clouds, and falls back to the surface as precipitation.",Water is very important. You should drink eight glasses a day to stay healthy.,0.0,0.0
What is photosynthesis?,"Photosynthesis is a process used by plants and other organisms to convert light energy, typically from the Sun, into chemical energy in the form of glucose, which fuels their activities.",Photosynthesis is when plants take in carbon dioxide and release oxygen to help people breathe.,65.0,70.0
What is a constitutional monarchy?,A constitutional monarchy is a form of government in which a monarch acts as head of state within the parameters of a written or unwritten constitution. The monarch's roles are largely ceremonial with the real power lying with other political leaders.,A constitutional monarchy is where the monarch has absolute power and controls everything.,0.0,20.0
What is the principle of conservation of energy?,"The principle of conservation of energy states that energy can neither be created nor destroyed; instead, it can only be transferred or changed from one form to another.",Conservation of energy means that we should use less energy to save the planet.,0.0,0.0
What is the theory of evolution by natural selection?,"The theory of evolution by natural selection, proposed by Charles Darwin, suggests that traits that enhance survival and reproduction become more common over generations in a population, leading to changes over time and potentially new species.","Evolution by natural selection is when an animal changes in its lifetime to survive better, and then passes these changes on to its offspring.",50.0,40.0
What is the water cycle?,"The water cycle describes how water evaporates from the surface of the earth, rises into the atmosphere, cools and condenses into clouds, and falls back to the surface as precipitation.",The water cycle is when water from the sea goes to the factories to be cleaned and then sent to our homes through pipes.,20.0,20.0
Is it accurate to say that all birds can fly?,"No, it is not accurate to say that all birds can fly. While many bird species have the ability to fly, there are some exceptions such as penguins, ostriches, and kiwis that are flightless.","Yeah, all birds can fly, that's what makes them birds.",0.0,0.0
Do all plants produce flowers?,"No, not all plants produce flowers. Many plants, like ferns and mosses, reproduce through spores rather than producing flowers.","Yes, all plants make flowers because they need to produce seeds.",0.0,0.0
Is it correct to say that all mammals lay eggs?,"No, it is not correct to say that all mammals lay eggs. Most mammals give birth to live young. However, there are exceptions, such as the platypus and the echidna, which are mammals that do lay eggs.","Yes, mammals lay eggs. That's how they have babies.",15.0,20.0
Are all chemical reactions fast?,"No, not all chemical reactions are fast. While some reactions, like explosions, occur nearly instantaneously, others, such as rusting, can take years.","Yes, all chemical reactions are fast. That's why they are called reactions.",0.0,0.0
Does heat always flow from colder to hotter objects?,"No, heat does not flow from colder to hotter objects. It flows from hotter to colder objects in order to equalize the temperature between the two.","Yes, heat flows from colder to hotter objects. That's how things get warmed up.",0.0,0.0
What is the theory of relativity?,"The theory of relativity, developed by Albert Einstein, fundamentally changed our understanding of physics, introducing concepts like space-time and energy-mass equivalence. It consists of two parts: special relativity and general relativity.","Relativity is when you look at something from different points of view. Like, if I say a car is moving fast, it's relative to whether I'm standing still or moving in the same direction.",40.0,40.0
What is the role of mitochondria in a cell?,"Mitochondria are often referred to as the 'powerhouse of the cell' because they generate most of the cell's supply of adenosine triphosphate (ATP), used as a source of chemical energy.",Mitochondria are important in our bodies because they provide us with energy. It's like eating food for our cells.,60.0,75.0
What is the Industrial Revolution?,"The Industrial Revolution was a period of major industrialization and innovation that took place during the late 1700s and early 1800s. It marked a significant shift in history, influencing nearly every aspect of daily life.","The Industrial Revolution is when people started to use machines to do work. Like, instead of making clothes by hand, they used sewing machines.",70.0,75.0
What is the greenhouse effect?,"The greenhouse effect is a natural process where certain gases in Earth's atmosphere trap heat, preventing it from escaping into space and thereby keeping the planet warm enough to sustain life.",Greenhouse effect is when you keep plants in a greenhouse so they can grow better. It's warmer inside and they get lots of sunlight.,15.0,20.0
What is the Pythagorean theorem?,"The Pythagorean theorem is a fundamental principle in geometry, stating that in a right-angled triangle, the square of the length of the hypotenuse is equal to the sum of the squares of the other two sides.",The Pythagorean theorem is like when you have a ladder leaning against a wall and you want to know how tall the ladder is or how far it is from the wall. It helps with that.,50.0,75.0
What is the process of photosynthesis?,"Photosynthesis is the process by which green plants and some other organisms use sunlight to synthesize foods with the help of chlorophyll pigments. Essentially, they convert light energy into chemical energy, producing glucose and releasing oxygen as a byproduct.","Photosynthesis is how plants cook up their own food using sunshine and the green stuff in their leaves. They take light and turn it into food energy, and also let out oxygen.",85.0,85.0
What is the significance of Shakespeare's work in English literature?,"Shakespeare's work is seminal in English literature due to his profound impact on language, storytelling, and theatrical practices. His plays and sonnets explore universal human themes and continue to influence modern literature and drama.","Shakespeare's writings are super important in English literature because he really changed how we use words, tell stories, and put on plays. He wrote about things that everyone can relate to, and people are still influenced by his stuff today.",90.0,90.0
Explain the concept of gravitational force.,"Gravitational force is a force of attraction that exists between any two masses, any two bodies, any two particles. It is mathematically described by Newton's law of universal gravitation.",Gravitational force is like a magnetic pull that happens between any two things that have mass. It's what Newton was talking about when he said everything in the universe pulls on everything else.,80.0,80.0
How does the respiratory system function?,"The respiratory system's primary function is to supply the blood with oxygen so that the blood can deliver oxygen to all parts of the body. This process happens through breathing: inhaling oxygen-rich air and exhaling air filled with carbon dioxide, which is a waste product.","The job of the respiratory system is to get oxygen into the blood so the blood can take it to all parts of the body. This happens when we breathe: we suck in air that's full of oxygen and blow out air that's full of carbon dioxide, which is like the body's trash.",95.0,95.0
What is the French Revolution?,"The French Revolution was a period of radical political and societal change in France that lasted from 1789 until 1799, leading to the end of monarchy and the rise of radical political forces.",The French Revolution was when everything got turned upside down in France from 1789 to 1799. They kicked out the king and it was all about radical politics after that.,85.0,85.0
What is the process of photosynthesis?,"Photosynthesis is the process by which green plants and some other organisms use sunlight to synthesize foods with the help of chlorophyll pigments. Essentially, they convert light energy into chemical energy, producing glucose and releasing oxygen as a byproduct.",Flurple grunk photosmash chlorofill sun muncher.,0.0,0.0
What is the significance of Shakespeare's work in English literature?,"Shakespeare's work is seminal in English literature due to his profound impact on language, storytelling, and theatrical practices. His plays and sonnets explore universal human themes and continue to influence modern literature and drama.",Shakyspears big word tumbler story write funny hat guy.,0.0,10.0
Explain the concept of gravitational force.,"Gravitational force is a force of attraction that exists between any two masses, any two bodies, any two particles. It is mathematically described by Newton's law of universal gravitation.",Gravity umbo jumbo pull-push whoosh round round.,0.0,0.0
How does the respiratory system function?,"The respiratory system's primary function is to supply the blood with oxygen so that the blood can deliver oxygen to all parts of the body. This process happens through breathing: inhaling oxygen-rich air and exhaling air filled with carbon dioxide, which is a waste product.",Breath in out huff puff lung balloon air bag whoosh.,5.0,5.0
What is the French Revolution?,"The French Revolution was a period of radical political and societal change in France that lasted from 1789 until 1799, leading to the end of monarchy and the rise of radical political forces.",France spin topsy-turvy king no king baguette riot.,5.0,20.0
